Changes made at Sat Aug  9 05:58:18 UTC 2025
Changes made at Thu Nov 20 13:44:50 UTC 2025
Changes made at Thu Nov 20 14:17:16 UTC 2025
Changes made at Thu Nov 20 16:22:01 UTC 2025
Changes made at Fri Nov 21 08:24:19 UTC 2025
Changes made at Fri Nov 21 10:17:43 UTC 2025
Changes made at Fri Nov 21 14:16:40 UTC 2025
Changes made at Fri Nov 21 16:21:23 UTC 2025
Changes made at Sat Nov 22 08:20:43 UTC 2025
Changes made at Sat Nov 22 10:16:27 UTC 2025
Changes made at Sat Nov 22 14:13:57 UTC 2025
Changes made at Sat Nov 22 16:18:49 UTC 2025
Changes made at Sun Nov 23 08:21:00 UTC 2025
Changes made at Sun Nov 23 10:16:21 UTC 2025
